category,output_class,precision,recall,f1-score,support
related,0,0.7340425531914894,0.3382352941176471,0.46308724832214765,1224.0
related,1,0.8255062473071951,0.9623304871923657,0.8886827458256029,3982.0
related,macro avg,0.7797744002493423,0.6502828906550064,0.6758849970738753,5206.0
related,weighted avg,0.8040019135389231,0.815597387629658,0.78861957084592,5206.0
request,0,0.9237231925713022,0.9653419593345656,0.9440741159191052,4328.0
request,1,0.780380673499268,0.6070615034168565,0.6828955797565663,878.0
request,macro avg,0.8520519330352851,0.786201731375711,0.8134848478378358,5206.0
request,weighted avg,0.8995482537036023,0.9049174029965424,0.9000259494283812,5206.0
offer,0,0.9944295044179793,1.0,0.9972069729365308,5177.0
offer,1,0.0,0.0,0.0,29.0
offer,macro avg,0.49721475220898964,0.5,0.4986034864682654,5206.0
offer,weighted avg,0.9888900392569878,0.9944295044179793,0.9916520358994276,5206.0
aid_related,0,0.8116517709367759,0.8076416337285902,0.8096417368334159,3036.0
aid_related,1,0.7327231121281464,0.7377880184331798,0.7352468427095292,2170.0
aid_related,macro avg,0.7721874415324612,0.7727148260808849,0.7724442897714725,5206.0
aid_related,weighted avg,0.7787521955209623,0.7785247791010372,0.7786319557637206,5206.0
medical_help,0,0.9283611383709519,0.9907834101382489,0.958557097983585,4774.0
medical_help,1,0.6036036036036037,0.1550925925925926,0.24677716390423574,432.0
medical_help,macro avg,0.7659823709872777,0.5729380013654207,0.6026671309439103,5206.0
medical_help,weighted avg,0.9014123763618289,0.9214368036880523,0.8994927623089253,5206.0
medical_products,0,0.9548011639185257,0.9977701196026758,0.9758128469468675,4933.0
medical_products,1,0.7843137254901961,0.14652014652014653,0.24691358024691357,273.0
medical_products,macro avg,0.8695574447043608,0.5721451330614111,0.6113632135968905,5206.0
medical_products,weighted avg,0.9458608891027489,0.9531310026892048,0.9375897390311765,5206.0
search_and_rescue,0,0.9740484429065744,0.999802683504341,0.9867575462512171,5068.0
search_and_rescue,1,0.75,0.021739130434782608,0.04225352112676056,138.0
search_and_rescue,macro avg,0.8620242214532872,0.5107709069695618,0.5145055336889889,5206.0
search_and_rescue,weighted avg,0.9681093946697118,0.9738762965808683,0.9617207511172996,5206.0
security,0,0.9817518248175182,1.0,0.990791896869245,5111.0
security,1,0.0,0.0,0.0,95.0
security,macro avg,0.4908759124087591,0.5,0.4953959484346225,5206.0
security,weighted avg,0.963836645532527,0.9817518248175182,0.9727117527657915,5206.0
military,0,0.972259680215758,0.9988125865822284,0.985357282311597,5053.0
military,1,0.6,0.058823529411764705,0.10714285714285714,153.0
military,macro avg,0.786129840107879,0.5288180579969965,0.5462500697272271,5206.0
military,weighted avg,0.9613192785497936,0.971187091817134,0.9595472924823966,5206.0
child_alone,0,1.0,1.0,1.0,5206.0
child_alone,macro avg,1.0,1.0,1.0,5206.0
child_alone,weighted avg,1.0,1.0,1.0,5206.0
water,0,0.9697516025641025,0.9916018025399427,0.9805549929106745,4882.0
water,1,0.8084112149532711,0.5339506172839507,0.6431226765799256,324.0
water,macro avg,0.8890814087586868,0.7627762099119466,0.8118388347453,5206.0
water,weighted avg,0.9597104412913577,0.9631194775259316,0.959554595198196,5206.0
food,0,0.9497066219614417,0.9818024263431543,0.9654878568385172,4616.0
food,1,0.8064516129032258,0.5932203389830508,0.68359375,590.0
food,macro avg,0.8780791174323337,0.7875113826631026,0.8245408034192586,5206.0
food,weighted avg,0.9334714211653703,0.9377641183250096,0.9335405800358423,5206.0
shelter,0,0.9435483870967742,0.9908956171924624,0.9666425694516162,4723.0
shelter,1,0.8252032520325203,0.42028985507246375,0.5569272976680384,483.0
shelter,macro avg,0.8843758195646473,0.7055927361324631,0.7617849335598272,5206.0
shelter,weighted avg,0.9325686137129796,0.9379562043795621,0.9286301844590176,5206.0
clothing,0,0.9851637764932563,0.99921829196795,0.9921412632191714,5117.0
clothing,1,0.75,0.1348314606741573,0.22857142857142856,89.0
clothing,macro avg,0.8675818882466282,0.5670248763210537,0.6103563458953,5206.0
clothing,weighted avg,0.9811434967952347,0.9844410295812523,0.9790875338139371,5206.0
money,0,0.9796193039800039,0.9998037676609105,0.9896086238710304,5096.0
money,1,0.8,0.03636363636363636,0.06956521739130435,110.0
money,macro avg,0.889809651990002,0.5180837020122734,0.5295869206311674,5206.0
money,weighted avg,0.9758240440034767,0.979446792162889,0.9701685979945859,5206.0
missing_people,0,0.9915482135996927,1.0,0.9957561728395061,5162.0
missing_people,1,0.0,0.0,0.0,44.0
missing_people,macro avg,0.49577410679984635,0.5,0.49787808641975306,5206.0
missing_people,weighted avg,0.9831678598927417,0.9915482135996927,0.9873402543598792,5206.0
refugees,0,0.9709167950693375,0.9994052339413164,0.9849550605705354,5044.0
refugees,1,0.7857142857142857,0.06790123456790123,0.125,162.0
refugees,macro avg,0.8783155403918116,0.5336532342546089,0.5549775302852678,5206.0
refugees,weighted avg,0.9651536743402714,0.9704187475989243,0.9581950298727968,5206.0
death,0,0.9623227811225481,0.9981869460112812,0.9799268268565213,4964.0
death,1,0.8421052631578947,0.19834710743801653,0.3210702341137124,242.0
death,macro avg,0.9022140221402214,0.5982670267246488,0.6504985304851169,5206.0
death,weighted avg,0.9567344908137803,0.9610065309258548,0.9492999933098907,5206.0
other_aid,0,0.8827258320126783,0.9851868229051515,0.9311461707240622,4523.0
other_aid,1,0.5759493670886076,0.13323572474377746,0.2164090368608799,683.0
other_aid,macro avg,0.7293375995506429,0.5592112738244644,0.5737776037924711,5206.0
other_aid,weighted avg,0.8424783626421173,0.8734152900499423,0.8373763930773943,5206.0
infrastructure_related,0,0.9332307100250145,0.9991759373712402,0.9650781016814247,4854.0
infrastructure_related,1,0.5555555555555556,0.014204545454545454,0.027700831024930747,352.0
infrastructure_related,macro avg,0.7443931327902851,0.5066902414128929,0.4963894663531777,5206.0
infrastructure_related,weighted avg,0.9076944721507829,0.9325777948520937,0.9016980019366905,5206.0
transport,0,0.9569331788335265,0.9987905664180609,0.9774139461485354,4961.0
transport,1,0.7857142857142857,0.08979591836734693,0.16117216117216118,245.0
transport,macro avg,0.871323732273906,0.5442932423927039,0.5692930536603483,5206.0
transport,weighted avg,0.9488754322307194,0.9560122935074914,0.9390007234594822,5206.0
buildings,0,0.9544481214716761,0.9971527354077689,0.9753332007161328,4917.0
buildings,1,0.7971014492753623,0.1903114186851211,0.30726256983240224,289.0
buildings,macro avg,0.8757747853735192,0.593732077046445,0.6412978852742676,5206.0
buildings,weighted avg,0.945713356149983,0.952362658470995,0.9382466827896254,5206.0
electricity,0,0.9782566865499327,0.9994102614507568,0.9887203422792687,5087.0
electricity,1,0.6666666666666666,0.05042016806722689,0.09375,119.0
electricity,macro avg,0.8224616766082997,0.5249152147589918,0.5412351711396344,5206.0
electricity,weighted avg,0.9711342869406148,0.977718017671917,0.9682628949624741,5206.0
tools,0,0.9946215904725317,1.0,0.9973035439137135,5178.0
tools,1,0.0,0.0,0.0,28.0
tools,macro avg,0.49731079523626587,0.5,0.4986517719568567,5206.0
tools,weighted avg,0.9892721082341086,0.9946215904725317,0.9919396370313501,5206.0
hospitals,0,0.9898194391087207,1.0,0.9948836760305049,5153.0
hospitals,1,0.0,0.0,0.0,53.0
hospitals,macro avg,0.49490971955436036,0.5,0.49744183801525244,5206.0
hospitals,weighted avg,0.9797425220375025,0.9898194391087207,0.9847552021869366,5206.0
shops,0,0.9950057625816365,1.0,0.9974966300789524,5180.0
shops,1,0.0,0.0,0.0,26.0
shops,macro avg,0.49750288129081827,0.5,0.4987483150394762,5206.0
shops,weighted avg,0.990036467570664,0.9950057625816365,0.9925148950843206,5206.0
aid_centers,0,0.9888590088359586,1.0,0.9943983001738459,5148.0
aid_centers,1,0.0,0.0,0.0,58.0
aid_centers,macro avg,0.4944295044179793,0.5,0.49719915008692295,5206.0
aid_centers,weighted avg,0.9778421393560343,0.9888590088359586,0.9833197174980712,5206.0
other_infrastructure,0,0.9527195848548914,0.9995966928816293,0.9755953552450305,4959.0
other_infrastructure,1,0.3333333333333333,0.004048582995951417,0.008,247.0
other_infrastructure,macro avg,0.6430264590941124,0.5018226379387903,0.49179767762251525,5206.0
other_infrastructure,weighted avg,0.9233326459140875,0.952362658470995,0.9296875464195362,5206.0
weather_related,0,0.8758008871365205,0.951794322442421,0.912217659137577,3734.0
weather_related,1,0.8432055749128919,0.657608695652174,0.7389312977099237,1472.0
weather_related,macro avg,0.8595032310247062,0.8047015090472975,0.8255744784237504,5206.0
weather_related,weighted avg,0.8665845406914222,0.8686131386861314,0.8632208239432809,5206.0
floods,0,0.9457472178060413,0.9979031243447264,0.9711253953678196,4769.0
floods,1,0.9425287356321839,0.37528604118993136,0.5368248772504092,437.0
floods,macro avg,0.9441379767191126,0.6865945827673289,0.7539751363091144,5206.0
floods,weighted avg,0.9454770532440022,0.9456396465616597,0.9346695124601538,5206.0
storm,0,0.9426545086119554,0.9864291772688719,0.9640451766656305,4716.0
storm,1,0.7638376383763837,0.42244897959183675,0.5440210249671484,490.0
storm,macro avg,0.8532460734941696,0.7044390784303544,0.7540331008163894,5206.0
storm,weighted avg,0.9258238773373819,0.9333461390703035,0.924511593428547,5206.0
fire,0,0.9880906646177487,1.0,0.9940096618357488,5144.0
fire,1,0.0,0.0,0.0,62.0
fire,macro avg,0.4940453323088744,0.5,0.4970048309178744,5206.0
fire,weighted avg,0.9763231615047444,0.9880906646177487,0.9821716673997487,5206.0
earthquake,0,0.9570047315367208,0.9942295362256892,0.9752620545073375,4679.0
earthquake,1,0.9217391304347826,0.603415559772296,0.7293577981651376,527.0
earthquake,macro avg,0.9393719309857518,0.7988225479989925,0.8523099263362375,5206.0
earthquake,weighted avg,0.9534348176333935,0.9546676911256243,0.9503693262913676,5206.0
cold,0,0.9807655318330448,0.9996079200156832,0.9900970873786408,5101.0
cold,1,0.7142857142857143,0.047619047619047616,0.08928571428571429,105.0
cold,macro avg,0.8475256230593795,0.5236134838173654,0.5396914008321775,5206.0
cold,weighted avg,0.9753908908721401,0.9804072224356511,0.9719285906105353,5206.0
other_weather,0,0.9459719284752932,0.9997967892704734,0.972139893301719,4921.0
other_weather,1,0.8,0.014035087719298246,0.027586206896551724,285.0
other_weather,macro avg,0.8729859642376466,0.5069159384948858,0.49986305009913534,5206.0
other_weather,weighted avg,0.9379807645076677,0.9458317326162121,0.9204307498853778,5206.0
direct_report,0,0.8953254305524491,0.9521883920076119,0.9228818443804034,4204.0
direct_report,1,0.726530612244898,0.5329341317365269,0.614853195164076,1002.0
direct_report,macro avg,0.8109280213986736,0.7425612618720694,0.7688675197722397,5206.0
direct_report,weighted avg,0.8628374536135005,0.871494429504418,0.8635955004474877,5206.0
